FRI 11/15/19,12-19-34-35-68-20
TUE 11/12/19,19-30-44-56-65-24
FRI 11/08/19,03-04-10-39-58-14
TUE 11/05/19,02-09-24-49-54-19
FRI 11/01/19,09-20-36-41-54-22
TUE 10/29/19,04-09-17-27-39-22
FRI 10/25/19,16-24-25-52-60-06
TUE 10/22/19,05-11-14-23-25-10
FRI 10/18/19,18-58-60-65-67-20
TUE 10/15/19,04-12-14-35-70-02
FRI 10/11/19,14-22-30-37-60-08
TUE 10/08/19,05-08-10-17-48-23
FRI 10/04/19,11-38-44-48-70-17
TUE 10/01/19,10-17-39-42-59-03
FRI 09/27/19,12-20-31-43-45-20
TUE 09/24/19,06-14-24-42-46-09
FRI 09/20/19,23-24-42-48-53-22
TUE 09/17/19,12-15-30-50-65-01
FRI 09/13/19,06-16-37-59-62-05
TUE 09/10/19,34-47-48-50-55-24
FRI 09/06/19,04-11-13-19-31-10
TUE 09/03/19,13-20-27-61-62-05
FRI 08/30/19,03-09-11-34-39-10
TUE 08/27/19,08-12-23-39-43-06
FRI 08/23/19,11-15-37-54-68-21
TUE 08/13/19,07-27-31-34-51-05
FRI 08/09/19,15-53-56-59-63-01
TUE 08/06/19,11-17-31-43-55-16
FRI 08/02/19,11-20-26-48-70-19
TUE 07/30/19,10-24-28-33-38-06
FRI 07/26/19,04-06-11-43-48-11
TUE 07/23/19,01-04-23-40-45-11
FRI 07/19/19,16-18-28-33-67-14
TUE 07/16/19,08-16-31-48-52-23
FRI 07/12/19,08-25-38-56-59-07
TUE 07/09/19,12-26-40-48-64-01
FRI 07/05/19,06-38-47-57-63-12
TUE 07/02/19,03-25-37-40-55-13
FRI 06/28/19,02-35-49-53-63-01
TUE 06/25/19,24-33-45-47-61-17
FRI 06/21/19,13-30-36-48-62-18
TUE 06/18/19,12-14-22-24-48-21
FRI 06/14/19,19-40-47-57-65-06
TUE 06/11/19,20-34-39-43-57-13
FRI 06/07/19,17-19-27-40-68-02
TUE 06/04/19,25-37-46-48-68-25
FRI 05/31/19,07-08-26-65-67-04
TUE 05/28/19,09-21-34-42-50-21
FRI 05/24/19,14-41-44-56-62-10
TUE 05/21/19,10-50-55-56-58-15
FRI 05/17/19,05-17-28-32-63-11
TUE 05/14/19,11-59-66-67-68-18
FRI 05/10/19,03-16-21-61-62-19
TUE 05/07/19,03-06-34-54-63-19
FRI 05/03/19,08-16-22-66-68-11
TUE 04/30/19,24-37-41-61-70-20
FRI 04/26/19,09-17-23-30-46-10
TUE 04/23/19,07-24-30-48-67-09
FRI 04/19/19,18-25-43-44-57-25
TUE 04/16/19,11-29-34-48-54-10
FRI 04/12/19,01-24-25-40-70-04
TUE 04/09/19,11-22-34-44-58-09
FRI 04/05/19,08-22-24-38-64-21
TUE 04/02/19,33-47-58-59-64-25
FRI 03/29/19,05-14-15-62-66-03
TUE 03/26/19,04-14-22-43-58-09
FRI 03/22/19,07-36-58-60-62-10
TUE 03/19/19,10-42-53-67-68-15
FRI 03/15/19,03-29-56-62-64-04
TUE 03/12/19,10-12-16-49-57-18
FRI 03/08/19,04-09-42-62-68-07
TUE 03/05/19,15-20-32-37-52-06
FRI 03/01/19,29-33-39-60-66-21
TUE 02/26/19,10-12-14-24-60-20
FRI 02/22/19,18-24-31-34-55-04
TUE 02/19/19,17-24-34-56-65-03
FRI 01/18/19,02-43-48-62-64-24
TUE 01/15/19,29-52-58-60-62-07
FRI 01/11/19,04-05-31-62-69-20
TUE 01/08/19,13-26-29-38-64-05
FRI 01/04/19,21-29-35-54-60-15
TUE 01/01/19,34-44-57-62-70-14
FRI 12/28/18,09-10-25-37-38-21
TUE 12/25/18,02-08-42-43-50-06
FRI 12/21/18,10-13-61-62-70-05
TUE 12/18/18,13-22-32-60-69-09
FRI 12/14/18,05-22-26-43-49-23
TUE 12/11/18,04-38-39-54-59-12
FRI 12/07/18,04-10-20-33-57-13
TUE 12/04/18,28-31-41-42-50-04
FRI 11/30/18,25-28-40-43-63-19
TUE 11/27/18,12-24-37-42-57-18
FRI 11/23/18,07-10-30-33-59-23
TUE 11/20/18,10-16-31-42-66-10
FRI 11/16/18,33-36-63-68-69-16
TUE 11/13/18,34-46-57-65-69-11
FRI 11/09/18,08-14-27-57-67-05
TUE 11/06/18,28-34-37-56-69-12
FRI 11/02/18,03-23-28-46-62-16
TUE 10/30/18,20-31-39-46-49-23
FRI 10/26/18,01-28-61-62-63-05
TUE 10/23/18,05-28-62-65-70-05
FRI 10/19/18,15-23-53-65-70-07
TUE 10/16/18,03-45-49-61-69-09
FRI 10/12/18,04-24-46-61-70-07
TUE 10/09/18,20-22-39-54-60-18
FRI 10/05/18,27-28-32-41-69-12
TUE 10/02/18,02-22-29-31-34-01
FRI 09/28/18,39-45-52-56-59-15
TUE 09/25/18,08-16-32-48-61-12
FRI 09/21/18,01-02-11-52-64-09
TUE 09/18/18,31-32-43-63-68-17
FRI 09/14/18,23-30-40-43-66-13
TUE 09/11/18,15-30-51-62-67-19
FRI 09/07/18,08-10-41-54-68-10
TUE 09/04/18,02-07-25-35-44-03
FRI 08/31/18,07-18-29-32-45-17
TUE 08/28/18,03-20-33-34-41-20
FRI 08/24/18,01-06-13-18-49-08
TUE 08/21/18,14-16-19-38-57-11
FRI 08/17/18,01-31-32-47-56-03
TUE 08/14/18,11-26-44-45-46-11
FRI 08/10/18,01-03-12-22-42-06
TUE 08/07/18,02-13-15-21-62-02
FRI 08/03/18,09-28-30-54-60-02
TUE 07/31/18,12-15-35-64-69-09
FRI 07/27/18,01-32-40-49-63-20
TUE 07/24/18,01-02-04-19-29-20
FRI 07/20/18,01-14-30-44-62-01
TUE 07/17/18,40-41-61-66-67-12
FRI 07/13/18,21-22-39-59-68-02
TUE 07/10/18,01-17-28-56-70-14
FRI 07/06/18,02-10-46-50-56-16
TUE 07/03/18,13-35-45-49-68-23
FRI 06/29/18,02-32-47-49-68-23
TUE 06/26/18,17-25-29-39-60-19
FRI 06/22/18,02-06-11-27-44-20
TUE 06/19/18,11-13-28-65-70-14
FRI 06/15/18,01-11-37-47-51-06
TUE 06/12/18,01-03-05-08-70-03
FRI 06/08/18,14-30-33-44-56-13
TUE 06/05/18,22-33-41-48-52-04
FRI 06/01/18,05-24-52-62-66-17
TUE 05/29/18,02-11-55-58-67-02
FRI 05/25/18,11-14-51-64-68-25
TUE 05/22/18,16-17-21-36-48-09
FRI 05/18/18,09-26-53-64-66-11
TUE 05/15/18,21-34-44-49-61-21
FRI 05/11/18,14-38-40-53-70-22
TUE 05/08/18,08-15-39-64-67-13
FRI 05/04/18,04-05-10-12-18-21
TUE 05/01/18,02-07-20-55-70-01
FRI 04/27/18,02-29-38-63-66-11
TUE 04/24/18,03-19-31-32-48-10
FRI 04/20/18,01-15-18-32-45-04
TUE 04/17/18,12-34-44-47-65-22
FRI 04/13/18,08-09-32-42-59-10
TUE 04/10/18,05-13-31-43-53-20
FRI 04/06/18,16-33-51-54-67-20
TUE 04/03/18,04-29-39-42-62-14
FRI 03/30/18,11-28-31-46-59-01
TUE 03/27/18,07-25-43-56-59-13
FRI 03/23/18,04-08-23-53-59-17
TUE 03/20/18,14-38-51-64-70-09
FRI 03/16/18,01-13-26-33-52-11
TUE 03/13/18,06-30-58-60-61-17
FRI 03/09/18,07-17-18-46-66-22
TUE 03/06/18,01-04-26-35-39-22
FRI 03/02/18,24-28-42-60-64-08
TUE 02/27/18,10-17-21-38-43-23
FRI 02/23/18,07-11-13-19-58-09
TUE 02/20/18,17-19-23-24-43-14
FRI 02/16/18,14-38-48-53-58-16
TUE 02/13/18,05-12-15-46-49-01
FRI 02/09/18,28-34-41-46-47-14
TUE 02/06/18,14-17-25-48-58-25
FRI 02/02/18,01-04-14-17-40-04
TUE 01/30/18,29-41-42-49-57-24
FRI 01/26/18,10-16-27-38-43-01
TUE 01/23/18,02-06-30-31-55-07
FRI 01/19/18,03-17-23-49-66-23
TUE 01/16/18,03-11-23-29-59-18
FRI 01/12/18,17-18-33-46-60-24
TUE 01/09/18,16-29-31-65-67-23
FRI 01/05/18,28-30-39-59-70-10
TUE 01/02/18,01-42-47-64-70-22
FRI 12/29/17,04-10-18-28-62-07
TUE 12/26/17,10-12-20-38-41-25
FRI 12/22/17,01-20-30-33-42-16
TUE 12/19/17,28-37-39-42-58-02
FRI 12/15/17,04-12-36-44-57-19
TUE 12/12/17,08-23-24-25-27-09
FRI 12/08/17,06-37-46-60-70-24
TUE 12/05/17,14-15-37-42-67-22
FRI 12/01/17,16-22-40-41-59-08
TUE 11/28/17,10-17-47-51-61-05
FRI 11/24/17,16-36-54-61-64-22
TUE 11/21/17,03-07-22-27-50-03
FRI 11/17/17,03-26-55-58-70-15
TUE 11/14/17,01-14-21-22-28-19
FRI 11/10/17,06-23-38-42-58-24
TUE 11/07/17,01-54-60-68-69-11
FRI 11/03/17,10-22-42-61-69-03
TUE 10/31/17,06-28-31-52-53-12
FRI 10/27/17,17-27-41-51-52-13
TUE 10/24/17,20-24-34-56-64-06
FRI 10/20/17,06-23-63-66-73-09
TUE 10/17/17,31-45-49-56-70-11
FRI 10/13/17,02-07-18-26-31-12
TUE 10/10/17,07-16-24-61-62-02
FRI 10/06/17,21-33-36-45-56-12
TUE 10/03/17,12-18-19-25-67-07
FRI 09/29/17,25-51-62-73-74-07
TUE 09/26/17,01-10-57-66-75-04
FRI 09/22/17,05-39-54-63-66-15
TUE 09/19/17,09-28-31-50-61-10
FRI 09/15/17,18-24-34-38-58-03
TUE 09/12/17,26-37-41-54-65-03
FRI 09/08/17,04-05-14-26-73-14
TUE 09/05/17,11-17-59-70-72-01
FRI 09/01/17,04-13-31-50-64-12
TUE 08/29/17,02-13-17-35-73-03
FRI 08/25/17,17-38-42-51-65-11
TUE 08/22/17,24-35-46-50-51-07
FRI 08/18/17,01-31-34-40-75-06
TUE 08/15/17,07-16-20-66-73-07
FRI 08/11/17,23-33-53-56-58-06
TUE 08/08/17,11-17-50-52-74-14
FRI 08/04/17,09-17-25-63-71-04
TUE 08/01/17,20-22-52-57-73-07
FRI 07/28/17,04-06-31-49-52-11
TUE 07/25/17,02-05-26-58-60-06
FRI 07/21/17,18-31-36-50-74-10
TUE 07/18/17,08-12-23-51-73-06
FRI 07/14/17,11-12-24-32-73-01
TUE 07/11/17,07-18-24-55-74-10
FRI 07/07/17,02-09-11-28-60-10
TUE 07/04/17,16-39-47-53-71-15
FRI 06/30/17,10-38-51-55-64-06
TUE 06/27/17,04-21-45-52-57-14
FRI 06/23/17,12-20-53-66-74-11
TUE 06/20/17,02-15-41-49-63-03
FRI 06/16/17,18-22-26-30-44-09
TUE 06/13/17,27-51-62-68-75-08
FRI 06/09/17,03-16-28-33-37-09
TUE 06/06/17,03-05-16-49-75-05
FRI 06/02/17,07-42-57-69-72-10
TUE 05/30/17,05-20-32-37-67-05
FRI 05/26/17,25-26-28-37-56-05
TUE 05/23/17,06-13-17-33-60-14
FRI 05/19/17,01-04-05-24-30-01
TUE 05/16/17,04-35-39-56-72-11
FRI 05/12/17,28-34-41-42-47-13
TUE 05/09/17,06-29-45-69-73-11
FRI 05/05/17,04-23-33-47-53-07
TUE 05/02/17,05-14-42-43-58-01
FRI 04/28/17,06-13-18-20-31-13
TUE 04/25/17,03-13-33-40-50-02
FRI 04/21/17,01-12-13-32-34-10
TUE 04/18/17,08-29-30-43-64-06
TUE 04/18/17,08-29-30-43-64-06
FRI 04/14/17,05-10-55-60-73-12
TUE 04/11/17,19-34-35-38-49-08
FRI 04/07/17,30-33-43-47-69-15
TUE 04/04/17,13-24-34-35-55-09
FRI 03/31/17,17-24-27-32-58-10
TUE 03/28/17,30-33-35-37-46-10
FRI 03/24/17,05-28-37-61-69-01
TUE 03/21/17,04-45-53-73-75-07
FRI 03/17/17,11-27-31-58-60-10
TUE 03/14/17,16-23-28-33-59-13
FRI 03/10/17,26-38-42-58-70-05
TUE 03/07/17,03-30-45-53-68-11
FRI 03/03/17,14-26-39-48-51-09
TUE 02/28/17,20-33-45-58-69-04
FRI 02/24/17,12-29-33-42-68-14
TUE 02/21/17,09-21-30-32-75-09
FRI 02/17/17,04-56-58-67-75-08
TUE 02/14/17,07-11-33-60-68-15
FRI 02/10/17,32-39-51-62-75-14
TUE 02/07/17,23-28-37-56-71-12
FRI 02/03/17,03-06-29-30-64-03
TUE 01/31/17,03-14-27-62-72-04
FRI 01/27/17,17-37-53-54-61-08
TUE 01/24/17,08-42-54-63-67-11
FRI 01/20/17,07-09-24-41-53-14
TUE 01/17/17,20-31-54-56-59-03
FRI 01/13/17,10-44-58-74-75-11
TUE 01/10/17,11-20-40-41-59-15
FRI 01/06/17,06-10-44-47-54-06
TUE 01/03/17,14-16-23-49-53-12
FRI 12/30/16,06-21-33-39-43-02
TUE 12/27/16,02-28-30-38-39-11
FRI 12/23/16,21-30-39-60-69-15
TUE 12/20/16,01-12-14-48-65-02
FRI 12/16/16,01-08-15-36-43-06
TUE 12/13/16,02-15-26-34-41-14
FRI 12/09/16,19-27-47-67-68-01
TUE 12/06/16,13-34-48-53-63-12
FRI 12/02/16,03-33-35-49-51-01
TUE 11/29/16,22-33-49-51-59-08
FRI 11/25/16,44-47-49-69-75-10
TUE 11/22/16,01-43-45-66-69-07
FRI 11/18/16,31-32-49-55-58-15
TUE 11/15/16,09-17-23-57-71-06
FRI 11/11/16,16-40-47-53-59-11
TUE 11/08/16,46-48-53-61-74-12
FRI 11/04/16,10-29-32-44-46-10
TUE 11/01/16,19-24-31-39-45-13
FRI 10/28/16,07-38-46-57-66-02
TUE 10/25/16,08-09-24-49-67-13
FRI 10/21/16,12-43-44-48-66-03
TUE 10/18/16,07-24-28-65-74-01
FRI 10/14/16,07-27-60-64-74-05
TUE 10/11/16,36-39-42-45-48-03
FRI 10/07/16,24-37-42-50-65-14
TUE 10/04/16,18-29-30-54-66-01
FRI 09/30/16,21-30-47-50-57-09
TUE 09/27/16,14-16-26-53-72-04
FRI 09/23/16,01-05-08-25-62-14
TUE 09/20/16,02-22-34-62-72-02
FRI 09/16/16,13-21-28-34-40-15
TUE 09/13/16,06-15-17-39-56-15
FRI 09/09/16,01-34-43-44-63-11
TUE 09/06/16,25-37-58-69-75-08
FRI 09/02/16,22-28-41-46-60-03
TUE 08/30/16,28-32-41-51-71-11
FRI 08/26/16,10-11-31-41-44-14
TUE 08/23/16,02-07-46-61-66-01
FRI 08/19/16,22-37-45-65-73-13
TUE 08/16/16,02-43-52-62-63-06
FRI 08/12/16,04-41-44-56-69-10
TUE 08/09/16,12-19-20-44-66-01
FRI 08/05/16,05-18-28-54-74-06
TUE 08/02/16,03-12-36-54-70-12
FRI 07/29/16,11-16-19-31-48-04
TUE 07/26/16,01-04-31-36-54-09
FRI 07/22/16,08-24-25-26-30-07
TUE 07/19/16,03-34-54-65-66-04
FRI 07/15/16,16-51-52-56-58-04
TUE 07/12/16,06-08-22-46-68-04
FRI 07/08/16,08-19-20-55-73-05
TUE 07/05/16,29-46-53-64-73-10
FRI 07/01/16,20-41-42-45-49-14
TUE 06/28/16,15-17-20-35-55-07
FRI 06/24/16,11-14-54-57-63-11
TUE 06/21/16,06-13-21-49-50-10
FRI 06/17/16,20-23-30-44-59-09
TUE 06/14/16,36-37-38-52-62-06
FRI 06/10/16,34-61-66-67-68-07
TUE 06/07/16,25-48-51-65-72-04
FRI 06/03/16,32-54-65-66-71-10
TUE 05/31/16,09-31-34-41-49-08
FRI 05/27/16,18-41-50-68-70-09
TUE 05/24/16,11-50-51-70-75-15
FRI 05/20/16,19-24-26-40-68-08
TUE 05/17/16,17-24-27-48-75-06
FRI 05/13/16,20-21-38-54-66-07
TUE 05/10/16,12-22-46-56-74-04
FRI 05/06/16,14-26-27-32-36-07
TUE 05/03/16,28-29-33-36-45-15
FRI 04/29/16,05-06-37-55-74-10
TUE 04/26/16,14-16-17-28-48-02
FRI 04/22/16,02-19-21-42-60-13
TUE 04/19/16,09-28-40-57-65-02
FRI 04/15/16,09-10-34-37-73-09
TUE 04/12/16,07-11-59-62-63-03
FRI 04/08/16,31-38-52-65-71-15
TUE 04/05/16,13-45-52-53-57-10
FRI 04/01/16,25-28-33-41-69-06
TUE 03/29/16,33-38-40-46-49-15
FRI 03/25/16,04-11-12-35-46-12
TUE 03/22/16,06-19-34-38-70-05
FRI 03/18/16,05-08-57-59-73-13
TUE 03/15/16,18-26-30-44-68-07
FRI 03/11/16,14-18-48-54-71-13
TUE 03/08/16,27-37-54-66-69-05
FRI 03/04/16,21-26-33-48-73-14
TUE 03/01/16,01-29-33-34-55-06
FRI 02/26/16,03-15-19-62-74-14
TUE 02/23/16,16-32-39-53-57-10
FRI 02/19/16,02-27-41-50-75-04
TUE 02/16/16,09-31-33-46-64-04
FRI 02/12/16,01-07-44-68-73-01
TUE 02/09/16,03-42-46-56-71-13
FRI 02/05/16,04-06-23-55-75-02
TUE 02/02/16,07-13-25-51-70-09
FRI 01/29/16,20-28-49-51-52-06
TUE 01/26/16,14-27-39-50-69-02
FRI 01/22/16,21-25-40-46-56-03
TUE 01/19/16,02-17-31-39-47-09
FRI 01/15/16,29-41-53-54-70-12
TUE 01/12/16,15-27-29-31-48-15
FRI 01/08/16,11-39-51-57-75-02
TUE 01/05/16,01-04-36-48-57-13
FRI 01/01/16,07-18-37-38-39-09
